[{"id": "7540c9f9-dff6-4477-875c-a06c42c78e59", "conversation_id": "7f6bedfd-45b5-400e-a746-17f4e6ce4d21", "user_id": "user-CD8AiHjX8v0DB1u99eW7z8n7", "rating": "thumbsUp", "create_time": "2024-09-09T03:06:47.869109Z", "workspace_id": null, "content": "{}", "storage_protocol": "zstd::1.5.5"}, {"id": "aaa2604a-b584-4448-9e56-f3e11840a60e", "conversation_id": "7c96f326-f45d-4aee-8c7c-f862693a00ae", "user_id": "user-CD8AiHjX8v0DB1u99eW7z8n7", "rating": "thumbsDown", "create_time": "2023-12-19T03:51:38.013058+00:00", "workspace_id": null, "content": "{}", "storage_protocol": "zstd::1.5.5.1"}, {"id": "b8d874f7-b63c-4857-b135-1e3b0a26d634", "conversation_id": "09e2a4e7-fc9c-47f8-bf87-e43272ff8334", "user_id": "user-CD8AiHjX8v0DB1u99eW7z8n7", "rating": "thumbsUp", "create_time": "2024-01-10T21:24:28.277945+00:00", "workspace_id": null, "content": "{}", "storage_protocol": "zstd::1.5.5.1"}]